Size,Time(s)
3,2.67E-05
4,4.82E-05
5,0.000148149
6,0.000270607
7,0.000863663
8,0.006756303
9,0.008194767
10,0.023321467
11,0.014837329
12,0.131416315
13,0.045616105
14,2.248131404
15,1.20852488
16,11.36761838
17,17.2331671
18,20.77236633
19,112.9310176
20,187.7113166
